nombre,apellido,email,genero,fecha_nacimiento
Donalt,Lilleycrop,dlilleycrop0@hc360.com,Male,1988-02-29
Kienan,Spiaggia,kspiaggia1@bloglovin.com,Male,1987-01-19
Yuri,Clewarth,yclewarth2@nydailynews.com,Male,1981-11-03
Aksel,Ciric,aciric3@apple.com,Male,1982-03-23
Hedvig,McLeod,hmcleod4@aboutads.info,Female,1990-02-20
Emlynn,Wallenger,ewallenger5@altervista.org,Female,1987-05-24
Venus,Beadnell,vbeadnell6@google.com,Female,1985-01-23
Rourke,Nowakowska,rnowakowska7@google.it,Male,1988-08-05
Dennis,Board,dboard8@tumblr.com,Male,1980-08-10
Chrisy,Larmor,clarmor9@webnode.com,Male,2001-03-26
Rosalia,Pouton,rpoutona@prlog.org,Female,1996-02-21
Chevalier,Wisam,cwisamb@artisteer.com,Male,2000-08-01
Lammond,Elcom,lelcomc@usda.gov,Non-binary,1995-02-05
Baily,McCane,bmccaned@seesaa.net,Male,2000-02-21
Bjorn,Montilla,bmontillae@un.org,Male,1994-10-21
Kath,Sturridge,ksturridgef@oakley.com,Female,1995-12-30
Hermie,Tivenan,htivenang@yandex.ru,Male,1994-03-31
Michael,Van der Mark,mvandermarkh@google.cn,Male,1994-09-19
Lauraine,Corsan,lcorsani@guardian.co.uk,Female,1998-07-19
Hilly,Donati,hdonatij@loc.gov,Male,1997-11-10
